mmsi,timestamp,latitude,longitude,speed,heading,vessel_name,vessel_type
900000012,2026-09-19T12:10:00+00:00,13.76238,80.03171,11.03,311.8,,Tanker
900000010,2026-09-19T14:30:00+00:00,12.91868,79.96241,15.01,127.7,,Cargo
900000010,2026-09-19T14:50:00+00:00,12.86668,80.02933,15.02,128.7,,Cargo
900000005,2026-09-19T18:15:00+00:00,12.43876,79.70461,13.08,300.9,,Cargo
222222222,2026-09-19T08:35:00+00:00,12.30454,80.60515,12.47,184.2,,Cargo
444444444,2026-09-19T14:15:00+00:00,12.11648,81.09532,7.04,114.3,,Fishing
900000014,2026-09-19T09:55:00+00:00,13.41062,80.93692,8.86,283.1,,Container
333333333,2026-09-19T17:20:00+00:00,13.03573,81.00457,8.36,124.6,,Cargo
900000015,2026-09-19T12:45:00+00:00,11.84485,80.80653,11.09,140.5,VESSEL BG 15,Cargo
900000005,2026-09-19T18:30:00+00:00,12.46987,79.65406,14.18,299.3,VESSEL BG 5,Cargo
900000012,2026-09-19T12:35:00+00:00,13.82174,79.97145,12.03,311.1,VESSEL BG 12,Tanker
900000012,2026-09-19T13:15:00+00:00,13.88751,79.85262,11.57,296.7,VESSEL BG 12,Tanker
111111111,2026-09-19T17:45:00+00:00,12.96252,80.66577,9.81,31.2,VESSEL STRONG,Tanker
444444444,2026-09-19T14:00:00+00:00,12.11928,81.0744,6.0,90.0,VESSEL ERRATIC,Fishing
900000015,2026-09-19T12:50:00+00:00,11.83305,80.81647,10.97,137.2,VESSEL BG 15,Cargo
900000015,2026-09-19T13:20:00+00:00,11.75316,80.86036,10.88,163.0,VESSEL BG 15,Cargo
900000009,2026-09-19T10:30:00+00:00,12.20917,79.81654,8.22,15.2,VESSEL BG 9,Fishing
444444444,2026-09-19T15:55:00+00:00,12.03928,81.19666,3.32,173.7,VESSEL ERRATIC,Fishing
900000013,2026-09-19T10:25:00+00:00,12.711,80.28978,10.69,21.8,VESSEL BG 13,Cargo
444444444,2026-09-19T15:30:00+00:00,12.07455,81.18306,5.24,117.7,VESSEL ERRATIC,Fishing
111111111,2026-09-19T16:15:00+00:00,12.75805,80.51897,10.44,29.0,VESSEL STRONG,Tanker
900000005,2026-09-19T17:55:00+00:00,12.39383,79.76945,13.58,310.2,VESSEL BG 5,Cargo
900000007,2026-09-19T15:20:00+00:00,12.80582,81.32631,11.33,337.0,VESSEL BG 7,Cargo
111111111,2026-09-19T15:00:00+00:00,12.56973,80.4276,9.48,25.0,VESSEL STRONG,Tanker
333333333,2026-09-19T16:50:00+00:00,13.0927,80.95486,9.94,148.0,VESSEL FARTIME,Cargo
900000015,2026-09-19T12:00:00+00:00,11.9391,80.7048,10.46,130.0,VESSEL BG 15,Cargo
111111111,2026-09-19T17:05:00+00:00,12.87378,80.59726,9.79,37.5,VESSEL STRONG,Tanker
900000015,2026-09-19T12:25:00+00:00,11.89067,80.76514,10.92,137.1,VESSEL BG 15,Cargo
111111111,2026-09-19T15:45:00+00:00,12.68346,80.48078,10.21,24.6,VESSEL STRONG,Tanker
444444444,2026-09-19T16:10:00+00:00,12.02204,81.20518,0.0,111.1,VESSEL ERRATIC,Fishing
900000010,2026-09-19T13:35:00+00:00,12.98251,79.74051,15.59,98.8,VESSEL BG 10,Cargo
900000005,2026-09-19T17:50:00+00:00,12.38311,79.78608,13.97,303.4,VESSEL BG 5,Cargo
900000008,2026-09-19T11:55:00+00:00,13.46242,80.61807,12.48,147.1,VESSEL BG 8,Container
222222222,2026-09-19T07:30:00+00:00,12.51933,80.62804,11.41,197.8,VESSEL CLOSE WRONGTIME,Cargo
333333333,2026-09-19T17:00:00+00:00,13.072,80.96927,9.6,140.8,VESSEL FARTIME,Cargo
222222222,2026-09-19T07:15:00+00:00,12.56752,80.64189,12.8,196.1,VESSEL CLOSE WRONGTIME,Cargo
222222222,2026-09-19T07:50:00+00:00,12.45408,80.61611,13.46,184.5,VESSEL CLOSE WRONGTIME,Cargo
111111111,2026-09-19T17:45:00+00:00,12.96252,80.66577,9.81,31.2,VESSEL STRONG,Tanker
444444444,2026-09-19T15:10:00+00:00,12.09842,81.1648,12.93,97.5,VESSEL ERRATIC,Fishing
444444444,2026-09-19T16:50:00+00:00,11.9949,81.26404,9.38,75.8,VESSEL ERRATIC,Fishing
900000009,2026-09-19T09:50:00+00:00,12.11967,79.77532,9.48,47.7,VESSEL BG 9,Fishing
111111111,2026-09-19T16:50:00+00:00,12.84146,80.57027,9.77,38.2,VESSEL STRONG,Tanker
111111111,2026-09-19T17:35:00+00:00,12.9392,80.65033,9.16,36.5,VESSEL STRONG,Tanker
333333333,2026-09-19T16:35:00+00:00,13.12432,80.93411,8.92,149.4,VESSEL FARTIME,Cargo
900000014,2026-09-19T10:45:00+00:00,13.43655,80.81182,9.27,288.5,VESSEL BG 14,Container
333333333,2026-09-19T16:55:00+00:00,13.08209,80.96167,8.27,143.7,VESSEL FARTIME,Cargo
111111111,2026-09-19T17:30:00+00:00,12.92833,80.64144,9.95,38.6,VESSEL STRONG,Tanker
222222222,2026-09-19T08:40:00+00:00,12.2879,80.60389,11.98,186.1,VESSEL CLOSE WRONGTIME,Cargo
900000010,2026-09-19T14:15:00+00:00,12.95056,79.90736,14.11,117.6,VESSEL BG 10,Cargo
222222222,2026-09-19T08:45:00+00:00,12.27131,80.60207,11.77,182.9,VESSEL CLOSE WRONGTIME,Cargo
444444444,2026-09-19T16:20:00+00:00,12.01941,81.22166,9.39,146.5,VESSEL ERRATIC,Fishing
900000012,2026-09-19T14:20:00+00:00,13.96331,79.64456,11.42,293.6,VESSEL BG 12,Tanker
900000014,2026-09-19T11:00:00+00:00,13.44625,80.77457,9.07,275.8,VESSEL BG 14,Container
900000012,2026-09-19T12:25:00+00:00,13.79712,79.99463,11.8,319.0,VESSEL BG 12,Tanker
111111111,2026-09-19T15:25:00+00:00,12.63276,80.45749,10.18,28.4,VESSEL STRONG,Tanker
900000013,2026-09-19T10:35:00+00:00,12.73703,80.29981,10.07,21.4,VESSEL BG 13,Cargo
222222222,2026-09-19T07:45:00+00:00,12.47077,80.61622,12.16,180.4,VESSEL CLOSE WRONGTIME,Cargo
900000013,2026-09-19T11:05:00+00:00,12.81776,80.32043,10.22,6.6,VESSEL BG 13,Cargo
333333333,2026-09-19T16:30:00+00:00,13.13479,80.92707,9.5,146.8,VESSEL FARTIME,Cargo
444444444,2026-09-19T16:00:00+00:00,12.03099,81.19759,8.44,186.2,VESSEL ERRATIC,Fishing
900000009,2026-09-19T09:15:00+00:00,12.05287,79.71762,9.42,35.5,VESSEL BG 9,Fishing
900000007,2026-09-19T15:40:00+00:00,12.85957,81.29663,11.13,335.0,VESSEL BG 7,
900000014,2026-09-19T10:35:00+00:00,13.42756,80.83582,9.49,289.3,VESSEL BG 14,Container
900000009,2026-09-19T10:20:00+00:00,12.18495,79.81014,8.99,12.7,VESSEL BG 9,Fishing
900000007,2026-09-19T16:15:00+00:00,12.95628,81.25124,11.33,321.3,VESSEL BG 7,Cargo
111111111,2026-09-19T15:15:00+00:00,12.60739,80.44586,10.44,22.2,VESSEL STRONG,Tanker
900000010,2026-09-19T13:30:00+00:00,12.98966,79.7204,14.19,110.1,VESSEL BG 10,Cargo
333333333,2026-09-19T17:30:00+00:00,13.02254,81.02636,9.17,113.2,VESSEL FARTIME,Cargo
900000009,2026-09-19T09:20:00+00:00,12.06306,79.72505,9.19,37.3,VESSEL BG 9,Fishing
900000006,2026-09-19T14:10:00+00:00,13.45927,80.17605,7.57,264.1,VESSEL BG 6,Tanker
222222222,2026-09-19T09:15:00+00:00,12.17178,80.59434,12.86,184.8,VESSEL CLOSE WRONGTIME,Cargo
900000011,2026-09-19T16:00:00+00:00,12.38955,81.44401,7.02,220.0,VESSEL BG 11,Fishing
900000007,2026-09-19T16:05:00+00:00,12.93062,81.26832,10.91,327.6,VESSEL BG 7,Cargo
900000014,2026-09-19T09:20:00+00:00,13.38692,81.02345,9.38,282.0,VESSEL BG 14,Container
444444444,2026-09-19T15:40:00+00:00,12.06263,81.19289,5.73,193.7,VESSEL ERRATIC,Fishing
900000011,2026-09-19T16:10:00+00:00,12.3742,81.43178,7.55,217.7,VESSEL BG 11,Fishing
900000005,2026-09-19T17:35:00+00:00,12.35576,79.83881,13.35,301.7,VESSEL BG 5,Cargo
444444444,2026-09-19T14:55:00+00:00,12.08974,81.14433,12.91,109.3,VESSEL ERRATIC,Fishing
900000014,2026-09-19T11:10:00+00:00,13.44924,80.74903,8.77,277.1,VESSEL BG 14,Container
900000008,2026-09-19T11:20:00+00:00,13.57868,80.57002,13.81,172.3,VESSEL BG 8,Container
900000009,2026-09-19T09:05:00+00:00,12.03545,79.69947,8.74,51.9,VESSEL BG 9,Fishing
900000014,2026-09-19T10:55:00+00:00,13.4435,80.78712,10.22,282.7,VESSEL BG 14,Container
900000013,2026-09-19T10:05:00+00:00,12.66965,80.25287,10.6,49.4,VESSEL BG 13,Cargo
333333333,2026-09-19T16:45:00+00:00,13.10318,80.94783,9.05,146.8,VESSEL FARTIME,Cargo
900000008,2026-09-19T13:10:00+00:00,13.27733,80.81603,13.16,122.4,VESSEL BG 8,Container
444444444,2026-09-19T14:20:00+00:00,12.11305,81.10309,7.05,69.8,VESSEL ERRATIC,Fishing
111111111,2026-09-19T16:20:00+00:00,12.77021,80.52587,10.03,30.1,VESSEL STRONG,Tanker
333333333,2026-09-19T16:00:00+00:00,13.20036,80.8896,8.92,150.0,VESSEL FARTIME,Cargo
900000014,2026-09-19T11:05:00+00:00,13.44753,80.76177,9.22,277.9,VESSEL BG 14,Container
111111111,2026-09-19T15:35:00+00:00,12.65773,80.46997,10.61,22.7,VESSEL STRONG,Tanker
900000006,2026-09-19T13:40:00+00:00,13.46278,80.24454,8.17,268.6,VESSEL BG 6,Tanker
444444444,2026-09-19T17:00:00+00:00,11.99891,81.2806,15.31,110.0,VESSEL ERRATIC,Fishing
900000014,2026-09-19T09:25:00+00:00,13.38952,81.01086,9.41,282.6,VESSEL BG 14,Container
900000013,2026-09-19T11:10:00+00:00,12.83157,80.32207,10.11,8.9,VESSEL BG 13,Cargo
900000006,2026-09-19T13:45:00+00:00,13.46251,80.2331,8.09,266.6,VESSEL BG 6,Tanker
900000007,2026-09-19T15:00:00+00:00,12.74991,81.35161,9.52,340.0,VESSEL BG 7,Cargo
900000008,2026-09-19T12:35:00+00:00,13.3498,80.70971,12.84,124.0,VESSEL BG 8,Container
900000012,2026-09-19T13:00:00+00:00,13.86593,79.89895,10.75,302.0,VESSEL BG 12,Tanker
222222222,2026-09-19T09:00:00+00:00,12.22136,80.6008,12.11,186.1,VESSEL CLOSE WRONGTIME,Cargo
900000007,2026-09-19T15:25:00+00:00,12.81989,81.32017,11.81,333.5,VESSEL BG 7,Cargo
900000011,2026-09-19T16:45:00+00:00,12.32266,81.38642,6.07,223.7,VESSEL BG 11,Fishing
900000015,2026-09-19T13:05:00+00:00,11.79584,80.8435,10.45,154.3,VESSEL BG 15,Cargo
900000009,2026-09-19T10:00:00+00:00,12.13815,79.79241,8.54,24.9,VESSEL BG 9,Fishing
900000014,2026-09-19T09:15:00+00:00,13.3842,81.036,9.66,282.5,VESSEL BG 14,Container
111111111,2026-09-19T16:25:00+00:00,12.78224,80.53302,9.27,31.5,VESSEL STRONG,Tanker
900000006,2026-09-19T13:30:00+00:00,13.46502,80.26729,7.44,265.4,VESSEL BG 6,Tanker
111111111,2026-09-19T17:00:00+00:00,12.86265,80.58872,10.25,36.8,VESSEL STRONG,Tanker
444444444,2026-09-19T15:35:00+00:00,12.07067,81.19061,13.28,164.5,VESSEL ERRATIC,Fishing
900000014,2026-09-19T09:05:00+00:00,13.38163,81.06159,9.3,276.7,VESSEL BG 14,Container
900000005,2026-09-19T17:10:00+00:00,12.31678,79.92999,14.35,290.6,VESSEL BG 5,Cargo
900000009,2026-09-19T09:10:00+00:00,12.04316,79.70955,9.14,39.1,VESSEL BG 9,Fishing
900000009,2026-09-19T09:55:00+00:00,12.12809,79.7848,8.61,36.5,VESSEL BG 9,Fishing
900000006,2026-09-19T14:20:00+00:00,13.45762,80.15325,7.85,266.0,VESSEL BG 6,Tanker
900000014,2026-09-19T10:50:00+00:00,13.44053,80.79962,8.38,283.7,VESSEL BG 14,Container
900000013,2026-09-19T11:10:00+00:00,12.83157,80.32207,10.11,8.9,VESSEL BG 13,Cargo
900000011,2026-09-19T16:55:00+00:00,12.30859,81.37265,7.2,229.9,VESSEL BG 11,Fishing
900000008,2026-09-19T13:20:00+00:00,13.25915,80.8481,12.99,116.4,VESSEL BG 8,Container
900000011,2026-09-19T17:20:00+00:00,12.28344,81.33045,7.18,250.1,VESSEL BG 11,Fishing
900000006,2026-09-19T14:30:00+00:00,13.45697,80.1304,8.68,260.7,VESSEL BG 6,Tanker
900000011,2026-09-19T16:40:00+00:00,12.32898,81.39399,7.16,229.5,VESSEL BG 11,Fishing
444444444,2026-09-19T16:25:00+00:00,12.01246,81.22637,10.27,123.6,VESSEL ERRATIC,Fishing
900000007,2026-09-19T15:45:00+00:00,12.87343,81.29,10.53,342.8,VESSEL BG 7,Cargo
900000015,2026-09-19T12:40:00+00:00,11.85665,80.79659,10.7,140.5,VESSEL BG 15,Cargo
111111111,2026-09-19T16:35:00+00:00,12.80614,80.54759,9.57,28.6,VESSEL STRONG,Tanker
900000008,2026-09-19T12:25:00+00:00,13.37391,80.68229,12.48,138.1,VESSEL BG 8,Container
333333333,2026-09-19T17:05:00+00:00,13.06231,80.9774,7.93,137.1,VESSEL FARTIME,Cargo
900000010,2026-09-19T13:45:00+00:00,12.97796,79.78302,15.26,98.4,VESSEL BG 10,Cargo
111111111,2026-09-19T16:30:00+00:00,12.7941,80.54048,9.68,29.9,VESSEL STRONG,Tanker
900000005,2026-09-19T17:45:00+00:00,12.37397,79.80368,14.1,298.0,VESSEL BG 5,Cargo
900000012,2026-09-19T12:20:00+00:00,13.78535,80.0068,11.65,314.9,VESSEL BG 12,Tanker
222222222,2026-09-19T07:00:00+00:00,12.61477,80.6586,11.14,200.0,VESSEL CLOSE WRONGTIME,Cargo
900000015,2026-09-19T12:55:00+00:00,11.82182,80.82707,11.49,145.1,VESSEL BG 15,Cargo
900000014,2026-09-19T09:50:00+00:00,13.40671,80.94914,8.48,288.2,VESSEL BG 14,Container
900000008,2026-09-19T11:05:00+00:00,13.63274,80.5662,11.8,178.7,VESSEL BG 8,Container
900000007,2026-09-19T16:00:00+00:00,12.91715,81.27575,10.16,331.8,VESSEL BG 7,Cargo
222222222,2026-09-19T08:55:00+00:00,12.23799,80.60218,11.94,184.6,VESSEL CLOSE WRONGTIME,
444444444,2026-09-19T15:45:00+00:00,12.05453,81.19086,12.04,146.9,VESSEL ERRATIC,Fishing
900000008,2026-09-19T11:30:00+00:00,13.54322,80.57692,12.79,158.0,VESSEL BG 8,Container
111111111,2026-09-19T15:30:00+00:00,12.64499,80.46427,9.98,23.6,VESSEL STRONG,Tanker
900000012,2026-09-19T13:45:00+00:00,13.92922,79.75927,12.58,283.2,VESSEL BG 12,Tanker
900000015,2026-09-19T12:15:00+00:00,11.90889,80.74009,11.11,123.3,VESSEL BG 15,Cargo
111111111,2026-09-19T15:50:00+00:00,12.69611,80.4867,9.8,26.7,VESSEL STRONG,Tanker
900000007,2026-09-19T15:35:00+00:00,12.84664,81.30501,10.78,327.7,VESSEL BG 7,Cargo
444444444,2026-09-19T15:05:00+00:00,12.09257,81.15872,4.66,45.5,VESSEL ERRATIC,Fishing
333333333,2026-09-19T17:15:00+00:00,13.04409,80.99501,8.12,131.9,VESSEL FARTIME,Cargo
900000015,2026-09-19T12:05:00+00:00,11.92927,80.71678,10.96,132.3,VESSEL BG 15,Cargo
900000008,2026-09-19T13:15:00+00:00,13.26765,80.83171,13.61,118.0,VESSEL BG 8,Container
900000012,2026-09-19T13:20:00+00:00,13.895,79.83726,12.19,299.1,VESSEL BG 12,Tanker
900000008,2026-09-19T11:10:00+00:00,13.61467,80.56661,12.46,173.0,VESSEL BG 8,Container
900000006,2026-09-19T13:20:00+00:00,13.46371,80.29013,8.17,273.5,VESSEL BG 6,Tanker
900000006,2026-09-19T13:15:00+00:00,13.46408,80.30156,8.08,268.1,VESSEL BG 6,Tanker
333333333,2026-09-19T17:55:00+00:00,12.98952,81.08067,9.08,126.1,VESSEL FARTIME,Cargo
900000014,2026-09-19T10:05:00+00:00,13.41594,80.91178,9.31,283.0,VESSEL BG 14,Container
900000005,2026-09-19T18:25:00+00:00,12.46008,79.67129,14.21,300.2,VESSEL BG 5,Cargo
900000008,2026-09-19T12:20:00+00:00,13.38779,80.6704,12.73,140.2,VESSEL BG 8,Container
444444444,2026-09-19T14:10:00+00:00,12.12331,81.09041,7.54,144.9,VESSEL ERRATIC,Fishing
333333333,2026-09-19T16:15:00+00:00,13.16717,80.90757,8.56,150.7,VESSEL FARTIME,Cargo
444444444,2026-09-19T16:45:00+00:00,11.99758,81.25597,3.03,108.7,VESSEL ERRATIC,Fishing
444444444,2026-09-19T14:30:00+00:00,12.11606,81.11963,4.11,107.2,VESSEL ERRATIC,Fishing
900000005,2026-09-19T18:05:00+00:00,12.41818,79.73836,14.86,305.4,VESSEL BG 5,Cargo
900000012,2026-09-19T12:00:00+00:00,13.7409,80.058,12.45,310.0,VESSEL BG 12,Tanker
444444444,2026-09-19T14:35:00+00:00,12.11359,81.12778,4.83,117.8,VESSEL ERRATIC,Fishing
900000008,2026-09-19T12:30:00+00:00,13.36044,80.69469,14.27,126.1,VESSEL BG 8,Container
333333333,2026-09-19T16:10:00+00:00,13.17851,80.90212,8.98,154.9,VESSEL FARTIME,Cargo
111111111,2026-09-19T16:55:00+00:00,12.85239,80.57909,9.36,42.5,VESSEL STRONG,Tanker
222222222,2026-09-19T07:05:00+00:00,12.5991,80.65275,11.7,202.2,VESSEL CLOSE WRONGTIME,Cargo
900000005,2026-09-19T18:10:00+00:00,12.42946,79.72213,13.48,298.5,VESSEL BG 5,Cargo
444444444,2026-09-19T16:40:00+00:00,12.00094,81.24816,1.77,113.7,VESSEL ERRATIC,Fishing
333333333,2026-09-19T16:05:00+00:00,13.18952,80.89603,9.05,151.7,VESSEL FARTIME,Cargo
900000010,2026-09-19T13:10:00+00:00,13.01094,79.63769,15.14,101.0,VESSEL BG 10,Cargo
900000008,2026-09-19T11:15:00+00:00,13.59673,80.56889,12.41,176.5,VESSEL BG 8,Container
900000012,2026-09-19T13:05:00+00:00,13.87477,79.88438,11.72,293.5,VESSEL BG 12,Tanker
900000013,2026-09-19T10:45:00+00:00,12.76331,80.30904,9.63,9.6,VESSEL BG 13,Cargo
444444444,2026-09-19T16:55:00+00:00,11.99694,81.27231,9.43,76.3,VESSEL ERRATIC,Fishing
900000005,2026-09-19T18:20:00+00:00,12.44876,79.68751,13.73,305.5,VESSEL BG 5,Cargo
900000011,2026-09-19T16:25:00+00:00,12.35106,81.41354,6.69,219.4,VESSEL BG 11,
333333333,2026-09-19T17:40:00+00:00,13.01099,81.04907,8.81,125.8,VESSEL FARTIME,Cargo
900000013,2026-09-19T10:15:00+00:00,12.68747,80.27476,8.18,36.2,VESSEL BG 13,Cargo
900000010,2026-09-19T13:20:00+00:00,13.0016,79.67939,15.27,107.1,VESSEL BG 10,Cargo
900000013,2026-09-19T10:20:00+00:00,12.69868,80.28318,10.24,27.6,VESSEL BG 13,Cargo
900000007,2026-09-19T16:10:00+00:00,12.94354,81.25993,11.1,326.4,VESSEL BG 7,Cargo
900000011,2026-09-19T17:25:00+00:00,12.28013,81.32108,6.65,266.0,VESSEL BG 11,Fishing
900000009,2026-09-19T09:40:00+00:00,12.10124,79.75809,9.4,38.7,VESSEL BG 9,Fishing
900000010,2026-09-19T15:05:00+00:00,12.82922,80.08068,14.94,125.9,VESSEL BG 10,Cargo
900000008,2026-09-19T11:00:00+00:00,13.65081,80.5662,13.62,180.0,VESSEL BG 8,Container
900000013,2026-09-19T11:00:00+00:00,12.80401,80.31828,10.55,8.7,VESSEL BG 13,Cargo
444444444,2026-09-19T17:15:00+00:00,11.99531,81.30544,0.0,19.4,VESSEL ERRATIC,Fishing
222222222,2026-09-19T07:10:00+00:00,12.58365,80.6463,11.74,194.9,VESSEL CLOSE WRONGTIME,Cargo
111111111,2026-09-19T15:55:00+00:00,12.70853,80.4931,10.31,24.1,VESSEL STRONG,Tanker
900000012,2026-09-19T12:50:00+00:00,13.84992,79.92906,11.44,301.6,VESSEL BG 12,Tanker
900000007,2026-09-19T16:25:00+00:00,12.98048,81.23204,10.85,333.4,VESSEL BG 7,Cargo
900000008,2026-09-19T11:50:00+00:00,13.47887,80.61039,13.22,155.6,VESSEL BG 8,Container
444444444,2026-09-19T15:50:00+00:00,12.04755,81.19552,1.95,172.4,VESSEL ERRATIC,Fishing
900000007,2026-09-19T15:55:00+00:00,12.90246,81.28014,11.57,343.7,VESSEL BG 7,Cargo
900000010,2026-09-19T13:50:00+00:00,12.97493,79.80419,15.01,96.5,VESSEL BG 10,Cargo
900000009,2026-09-19T10:25:00+00:00,12.19715,79.81296,8.99,16.2,VESSEL BG 9,Fishing
444444444,2026-09-19T16:15:00+00:00,12.01904,81.21314,0.0,87.4,VESSEL ERRATIC,Fishing
900000014,2026-09-19T10:30:00+00:00,13.42412,80.84819,9.4,285.9,VESSEL BG 14,Container
900000015,2026-09-19T12:35:00+00:00,11.86788,80.78597,10.23,137.2,VESSEL BG 15,
900000012,2026-09-19T13:55:00+00:00,13.93885,79.72642,11.57,281.0,VESSEL BG 12,Tanker
900000014,2026-09-19T10:00:00+00:00,13.41346,80.92439,9.17,281.4,VESSEL BG 14,Container
900000006,2026-09-19T14:15:00+00:00,13.45812,80.16467,8.18,267.4,VESSEL BG 6,Tanker
900000010,2026-09-19T13:25:00+00:00,12.99546,79.69985,15.08,106.2,VESSEL BG 10,Cargo
900000005,2026-09-19T17:30:00+00:00,12.34677,79.85649,13.94,297.5,VESSEL BG 5,Cargo
900000006,2026-09-19T13:25:00+00:00,13.46438,80.27871,7.58,273.3,VESSEL BG 6,Tanker
900000008,2026-09-19T11:35:00+00:00,13.52646,80.5839,13.12,155.4,VESSEL BG 8,Container
900000008,2026-09-19T11:25:00+00:00,13.56077,80.5725,13.91,166.2,VESSEL BG 8,Container
900000015,2026-09-19T13:10:00+00:00,11.78206,80.85026,10.6,157.8,VESSEL BG 15,Cargo
111111111,2026-09-19T15:10:00+00:00,12.59452,80.44047,9.84,22.2,VESSEL STRONG,Tanker
900000008,2026-09-19T12:00:00+00:00,13.44723,80.62816,13.22,148.3,VESSEL BG 8,Container
444444444,2026-09-19T16:05:00+00:00,12.02269,81.19668,6.29,94.5,VESSEL ERRATIC,Fishing
900000012,2026-09-19T13:40:00+00:00,13.92452,79.77577,12.28,286.3,VESSEL BG 12,Tanker
900000010,2026-09-19T14:45:00+00:00,12.87971,80.01262,15.45,128.7,VESSEL BG 10,Cargo
111111111,2026-09-19T17:10:00+00:00,12.88481,80.60595,9.85,38.3,VESSEL STRONG,Tanker
444444444,2026-09-19T16:30:00+00:00,12.00784,81.23348,7.08,132.9,VESSEL ERRATIC,Fishing
900000012,2026-09-19T12:15:00+00:00,13.77351,80.01891,11.28,315.2,VESSEL BG 12,Tanker
900000010,2026-09-19T13:40:00+00:00,12.97931,79.76166,15.05,93.7,VESSEL BG 10,Cargo
900000012,2026-09-19T13:25:00+00:00,13.90311,79.82224,12.79,299.6,VESSEL BG 12,Tanker
900000013,2026-09-19T10:50:00+00:00,12.77702,80.31141,9.86,14.2,VESSEL BG 13,Cargo
444444444,2026-09-19T17:05:00+00:00,11.99606,81.28861,12.42,101.8,VESSEL ERRATIC,Fishing
333333333,2026-09-19T16:40:00+00:00,13.11355,80.94064,9.12,146.0,VESSEL FARTIME,Cargo
900000012,2026-09-19T13:30:00+00:00,13.91135,79.8073,11.89,296.5,VESSEL BG 12,Tanker
111111111,2026-09-19T17:25:00+00:00,12.91713,80.63299,10.24,36.3,VESSEL STRONG,Tanker
333333333,2026-09-19T17:25:00+00:00,13.02863,81.01514,10.45,119.1,VESSEL FARTIME,Cargo
900000012,2026-09-19T14:10:00+00:00,13.95137,79.67666,12.0,289.8,VESSEL BG 12,Tanker
444444444,2026-09-19T15:25:00+00:00,12.0826,81.18082,9.96,164.8,VESSEL ERRATIC,Fishing
900000009,2026-09-19T09:30:00+00:00,12.08269,79.74092,9.63,43.5,VESSEL BG 9,Fishing
900000009,2026-09-19T10:05:00+00:00,12.1495,79.79779,8.88,23.9,VESSEL BG 9,
900000005,2026-09-19T17:15:00+00:00,12.32362,79.91134,14.11,291.3,VESSEL BG 5,Cargo
900000007,2026-09-19T16:20:00+00:00,12.96822,81.24143,11.15,323.3,VESSEL BG 7,Cargo
900000011,2026-09-19T16:30:00+00:00,12.34354,81.40722,7.12,220.9,VESSEL BG 11,Fishing
222222222,2026-09-19T07:40:00+00:00,12.4873,80.61851,11.89,187.7,VESSEL CLOSE WRONGTIME,Cargo
900000014,2026-09-19T10:25:00+00:00,13.42173,80.86082,9.0,281.0,VESSEL BG 14,Container
222222222,2026-09-19T09:25:00+00:00,12.13851,80.59173,12.32,178.4,VESSEL CLOSE WRONGTIME,Cargo
900000011,2026-09-19T17:00:00+00:00,12.30232,81.36503,6.81,237.7,VESSEL BG 11,
333333333,2026-09-19T17:35:00+00:00,13.0176,81.03817,8.88,121.9,VESSEL FARTIME,Cargo
900000007,2026-09-19T16:30:00+00:00,12.99416,81.22502,10.38,329.7,VESSEL BG 7,Cargo
333333333,2026-09-19T16:20:00+00:00,13.15626,80.91387,8.34,149.0,VESSEL FARTIME,Cargo
900000006,2026-09-19T13:50:00+00:00,13.46185,80.22169,8.53,269.7,VESSEL BG 6,Tanker
111111111,2026-09-19T16:00:00+00:00,12.72122,80.49893,9.58,29.8,VESSEL STRONG,Tanker
111111111,2026-09-19T17:55:00+00:00,12.98541,80.68189,9.52,33.0,VESSEL STRONG,Tanker
111111111,2026-09-19T17:20:00+00:00,12.90628,80.62407,10.24,38.7,VESSEL STRONG,Tanker
900000007,2026-09-19T15:10:00+00:00,12.77839,81.34019,10.22,334.5,VESSEL BG 7,Cargo
900000005,2026-09-19T18:00:00+00:00,12.4064,79.75423,13.56,307.2,VESSEL BG 5,Cargo
900000012,2026-09-19T13:10:00+00:00,13.88141,79.86862,11.84,291.4,VESSEL BG 12,Tanker
900000010,2026-09-19T14:05:00+00:00,12.96572,79.86755,15.22,108.2,VESSEL BG 10,Cargo
900000006,2026-09-19T13:05:00+00:00,13.4687,80.32393,8.19,258.3,VESSEL BG 6,Tanker
900000009,2026-09-19T09:35:00+00:00,12.09177,79.74972,8.75,40.9,VESSEL BG 9,Fishing
900000009,2026-09-19T09:00:00+00:00,12.02919,79.68839,8.15,60.0,VESSEL BG 9,Fishing
900000005,2026-09-19T17:05:00+00:00,12.30919,79.94834,14.03,292.9,VESSEL BG 5,Cargo
900000011,2026-09-19T17:15:00+00:00,12.28668,81.33984,7.88,250.6,VESSEL BG 11,Fishing
222222222,2026-09-19T08:15:00+00:00,12.37113,80.60727,11.97,177.3,VESSEL CLOSE WRONGTIME,Cargo
900000010,2026-09-19T13:00:00+00:00,13.02018,79.59599,14.95,100.0,VESSEL BG 10,Cargo
900000011,2026-09-19T17:10:00+00:00,12.29139,81.34856,6.83,241.1,VESSEL BG 11,Fishing
444444444,2026-09-19T14:25:00+00:00,12.11592,81.1111,9.71,89.1,VESSEL ERRATIC,Fishing
900000012,2026-09-19T12:05:00+00:00,13.75163,80.04484,12.01,310.2,VESSEL BG 12,Tanker
900000007,2026-09-19T15:50:00+00:00,12.88804,81.28536,10.22,340.6,VESSEL BG 7,Cargo
222222222,2026-09-19T07:25:00+00:00,12.53537,80.63275,12.42,196.0,VESSEL CLOSE WRONGTIME,Cargo
900000012,2026-09-19T12:30:00+00:00,13.80972,79.98336,12.14,316.1,VESSEL BG 12,Tanker
900000008,2026-09-19T12:10:00+00:00,13.41718,80.64876,13.73,145.5,VESSEL BG 8,Container
900000010,2026-09-19T14:10:00+00:00,12.9592,79.88788,15.37,114.5,VESSEL BG 10,Cargo
900000012,2026-09-19T14:15:00+00:00,13.95704,79.66049,12.82,292.1,VESSEL BG 12,Tanker
111111111,2026-09-19T15:20:00+00:00,12.62027,80.45124,10.56,26.0,VESSEL STRONG,Tanker
900000010,2026-09-19T14:20:00+00:00,12.94089,79.92632,14.36,118.1,VESSEL BG 10,Cargo
900000014,2026-09-19T09:40:00+00:00,13.39825,80.97335,9.38,288.8,VESSEL BG 14,Container
444444444,2026-09-19T14:50:00+00:00,12.09808,81.14426,4.51,179.6,VESSEL ERRATIC,Fishing
900000009,2026-09-19T09:25:00+00:00,12.07302,79.7328,8.92,39.4,VESSEL BG 9,Fishing
900000013,2026-09-19T10:40:00+00:00,12.74997,80.30501,9.98,16.4,VESSEL BG 13,Cargo
900000008,2026-09-19T12:45:00+00:00,13.32994,80.74075,12.25,125.5,VESSEL BG 8,Container
900000007,2026-09-19T15:15:00+00:00,12.79219,81.33343,10.96,333.0,VESSEL BG 7,Cargo
444444444,2026-09-19T14:40:00+00:00,12.1097,81.13533,6.61,113.6,VESSEL ERRATIC,Fishing
900000008,2026-09-19T12:55:00+00:00,13.30807,80.77031,13.31,127.3,VESSEL BG 8,Container
222222222,2026-09-19T09:05:00+00:00,12.20477,80.599,12.21,184.0,VESSEL CLOSE WRONGTIME,Cargo
222222222,2026-09-19T07:55:00+00:00,12.43745,80.61476,10.93,186.6,VESSEL CLOSE WRONGTIME,Cargo
111111111,2026-09-19T17:40:00+00:00,12.95039,80.65881,9.5,29.2,VESSEL STRONG,Tanker
900000011,2026-09-19T16:05:00+00:00,12.38209,81.4376,7.17,215.8,VESSEL BG 11,Fishing
900000008,2026-09-19T11:40:00+00:00,13.51003,80.59164,12.71,146.5,VESSEL BG 8,Container
900000014,2026-09-19T09:30:00+00:00,13.39225,80.99831,8.79,282.3,VESSEL BG 14,Container
111111111,2026-09-19T17:15:00+00:00,12.89572,80.61479,9.82,40.6,VESSEL STRONG,
900000012,2026-09-19T12:40:00+00:00,13.8327,79.9585,11.99,301.6,VESSEL BG 12,Tanker
900000009,2026-09-19T09:45:00+00:00,12.11101,79.76609,8.79,46.2,VESSEL BG 9,Fishing
900000010,2026-09-19T14:40:00+00:00,12.89285,79.99601,14.97,129.1,VESSEL BG 10,Cargo
900000006,2026-09-19T14:05:00+00:00,13.45966,80.18748,7.91,268.0,VESSEL BG 6,Tanker
900000014,2026-09-19T09:45:00+00:00,13.40229,80.96117,9.72,290.7,VESSEL BG 14,Container
900000005,2026-09-19T17:40:00+00:00,12.36598,79.82185,13.66,294.2,VESSEL BG 5,Cargo
222222222,2026-09-19T09:10:00+00:00,12.18812,80.5978,11.39,191.7,VESSEL CLOSE WRONGTIME,Cargo
900000005,2026-09-19T17:25:00+00:00,12.33857,79.87456,13.8,294.9,VESSEL BG 5,Cargo
444444444,2026-09-19T17:10:00+00:00,11.99436,81.29696,11.24,83.5,VESSEL ERRATIC,Fishing
111111111,2026-09-19T15:40:00+00:00,12.67056,80.47546,9.82,21.9,VESSEL STRONG,Tanker
222222222,2026-09-19T09:20:00+00:00,12.15516,80.5929,12.73,184.0,VESSEL CLOSE WRONGTIME,Cargo
111111111,2026-09-19T16:10:00+00:00,12.74582,80.51219,10.12,28.4,VESSEL STRONG,Tanker
900000006,2026-09-19T13:35:00+00:00,13.46412,80.25589,8.97,263.1,VESSEL BG 6,Tanker
222222222,2026-09-19T07:20:00+00:00,12.55149,80.63715,12.09,194.9,VESSEL CLOSE WRONGTIME,Cargo
900000013,2026-09-19T10:05:00+00:00,12.66965,80.25287,10.6,49.4,VESSEL BG 13,Cargo
900000014,2026-09-19T09:35:00+00:00,13.39491,80.98574,9.17,285.5,VESSEL BG 14,Container
900000008,2026-09-19T13:00:00+00:00,13.29711,80.78508,12.8,118.7,VESSEL BG 8,Container
900000011,2026-09-19T17:05:00+00:00,12.29712,81.35661,6.84,233.9,VESSEL BG 11,Fishing
900000013,2026-09-19T10:55:00+00:00,12.7905,80.31491,10.31,13.7,VESSEL BG 13,Cargo
900000009,2026-09-19T10:15:00+00:00,12.1728,79.80708,9.28,13.8,VESSEL BG 9,Fishing
900000008,2026-09-19T12:15:00+00:00,13.40228,80.65929,13.13,143.3,VESSEL BG 8,Container
900000008,2026-09-19T12:40:00+00:00,13.33968,80.7251,12.44,122.6,VESSEL BG 8,Container
900000012,2026-09-19T12:55:00+00:00,13.85867,79.91443,12.14,295.8,VESSEL BG 12,Tanker
900000014,2026-09-19T10:10:00+00:00,13.41875,80.89924,7.91,272.5,VESSEL BG 14,Container
900000010,2026-09-19T13:55:00+00:00,12.97256,79.82546,16.02,95.0,VESSEL BG 10,Cargo
900000015,2026-09-19T13:00:00+00:00,11.80927,80.836,11.31,151.4,VESSEL BG 15,Cargo
900000015,2026-09-19T12:10:00+00:00,11.91898,80.72834,10.89,131.3,VESSEL BG 15,Cargo
900000012,2026-09-19T13:35:00+00:00,13.91879,79.79191,11.46,290.1,VESSEL BG 12,Tanker
900000011,2026-09-19T16:15:00+00:00,12.36649,81.42569,6.84,217.0,VESSEL BG 11,Fishing
900000008,2026-09-19T11:45:00+00:00,13.49496,80.60191,12.68,152.9,VESSEL BG 8,Container
900000006,2026-09-19T14:00:00+00:00,13.46062,80.19888,8.05,265.1,VESSEL BG 6,Tanker
222222222,2026-09-19T07:35:00+00:00,12.50345,80.62282,11.81,194.6,VESSEL CLOSE WRONGTIME,Cargo
900000008,2026-09-19T13:05:00+00:00,13.28844,80.80137,13.83,127.9,VESSEL BG 8,Container
900000007,2026-09-19T16:50:00+00:00,13.04565,81.1912,10.28,331.9,VESSEL BG 7,Cargo
900000012,2026-09-19T14:05:00+00:00,13.94539,79.69271,12.21,291.0,VESSEL BG 12,Tanker
900000010,2026-09-19T14:35:00+00:00,12.90591,79.97933,15.2,128.8,VESSEL BG 10,Cargo
444444444,2026-09-19T15:15:00+00:00,12.09734,81.17326,12.98,144.6,VESSEL ERRATIC,Fishing
222222222,2026-09-19T08:25:00+00:00,12.33787,80.60625,11.52,183.7,VESSEL CLOSE WRONGTIME,Cargo
111111111,2026-09-19T15:05:00+00:00,12.58233,80.43362,9.02,28.8,VESSEL STRONG,Tanker
222222222,2026-09-19T08:05:00+00:00,12.40435,80.61042,12.53,184.9,VESSEL CLOSE WRONGTIME,Cargo
333333333,2026-09-19T17:10:00+00:00,13.05314,80.98614,8.74,136.3,VESSEL FARTIME,Cargo
900000008,2026-09-19T12:05:00+00:00,13.43185,80.63792,13.36,144.3,VESSEL BG 8,Container
111111111,2026-09-19T17:50:00+00:00,12.97441,80.67317,10.37,37.7,VESSEL STRONG,Tanker
900000010,2026-09-19T14:55:00+00:00,12.85363,80.04602,14.92,127.7,VESSEL BG 10,Cargo
444444444,2026-09-19T14:05:00+00:00,12.11928,81.08294,5.61,61.1,VESSEL ERRATIC,Fishing
222222222,2026-09-19T08:20:00+00:00,12.35446,80.60807,12.49,186.1,VESSEL CLOSE WRONGTIME,Cargo
900000010,2026-09-19T15:00:00+00:00,12.84088,80.06294,15.26,124.0,VESSEL BG 10,Cargo
900000010,2026-09-19T13:05:00+00:00,13.01656,79.61707,14.25,105.6,VESSEL BG 10,Cargo
111111111,2026-09-19T16:05:00+00:00,12.73329,80.50602,10.37,25.7,VESSEL STRONG,Tanker
900000013,2026-09-19T10:10:00+00:00,12.67869,80.2637,10.17,50.9,VESSEL BG 13,Cargo
333333333,2026-09-19T17:50:00+00:00,12.99648,81.07,8.72,123.8,VESSEL FARTIME,Cargo
900000011,2026-09-19T16:35:00+00:00,12.33618,81.4007,6.76,222.3,VESSEL BG 11,Fishing
900000006,2026-09-19T14:25:00+00:00,13.45684,80.14184,7.83,270.7,VESSEL BG 6,Tanker
900000014,2026-09-19T09:00:00+00:00,13.38054,81.0744,8.3,275.0,VESSEL BG 14,Container
900000015,2026-09-19T13:15:00+00:00,11.76789,80.85615,11.74,164.4,VESSEL BG 15,Cargo
900000005,2026-09-19T17:20:00+00:00,12.33068,79.89277,13.91,293.9,VESSEL BG 5,Cargo
900000012,2026-09-19T13:50:00+00:00,13.93303,79.74254,12.68,290.4,VESSEL BG 12,Tanker
900000015,2026-09-19T12:30:00+00:00,11.87947,80.77577,11.06,139.3,VESSEL BG 15,Cargo
900000013,2026-09-19T10:30:00+00:00,12.72391,80.29508,10.0,19.4,VESSEL BG 13,Cargo
900000010,2026-09-19T13:15:00+00:00,13.00695,79.6587,14.44,104.9,VESSEL BG 10,Cargo
222222222,2026-09-19T08:30:00+00:00,12.32122,80.60516,11.59,180.0,VESSEL CLOSE WRONGTIME,Cargo
222222222,2026-09-19T08:10:00+00:00,12.38773,80.60896,11.48,185.7,VESSEL CLOSE WRONGTIME,Cargo
900000007,2026-09-19T15:30:00+00:00,12.83358,81.31317,11.67,328.7,VESSEL BG 7,Cargo
900000007,2026-09-19T16:45:00+00:00,13.03252,81.19925,10.67,329.2,VESSEL BG 7,Cargo
111111111,2026-09-19T16:15:00+00:00,12.75805,80.51897,10.44,29.0,VESSEL STRONG,Tanker
900000007,2026-09-19T16:35:00+00:00,13.00736,81.2171,11.17,325.2,VESSEL BG 7,Cargo
900000007,2026-09-19T15:05:00+00:00,12.76428,81.34624,11.22,337.3,VESSEL BG 7,Cargo
222222222,2026-09-19T08:50:00+00:00,12.25464,80.60121,12.09,176.7,VESSEL CLOSE WRONGTIME,Cargo
222222222,2026-09-19T08:00:00+00:00,12.42088,80.61279,11.79,188.0,VESSEL CLOSE WRONGTIME,Cargo
900000014,2026-09-19T10:20:00+00:00,13.41987,80.87354,8.75,278.6,VESSEL BG 14,Container
900000009,2026-09-19T10:10:00+00:00,12.16094,79.80297,9.52,18.7,VESSEL BG 9,Fishing
900000010,2026-09-19T14:00:00+00:00,12.97074,79.84678,14.54,103.9,VESSEL BG 10,Cargo
111111111,2026-09-19T16:45:00+00:00,12.82996,80.56226,10.36,34.2,VESSEL STRONG,Tanker
900000013,2026-09-19T10:00:00+00:00,12.65982,80.2428,10.11,45.0,VESSEL BG 13,Cargo
900000006,2026-09-19T13:55:00+00:00,13.46179,80.21025,9.3,264.0,VESSEL BG 6,Tanker
900000011,2026-09-19T16:50:00+00:00,12.31562,81.37954,6.94,223.8,VESSEL BG 11,Fishing
900000007,2026-09-19T16:55:00+00:00,13.05915,81.18381,10.55,331.6,VESSEL BG 7,Cargo
900000012,2026-09-19T12:45:00+00:00,13.84145,79.94387,11.99,300.5,VESSEL BG 12,Tanker
900000014,2026-09-19T10:15:00+00:00,13.41929,80.88639,9.52,272.6,VESSEL BG 14,Container
900000010,2026-09-19T14:25:00+00:00,12.93108,79.9452,15.68,126.5,VESSEL BG 10,Cargo
900000012,2026-09-19T14:00:00+00:00,13.94203,79.70955,11.92,281.6,VESSEL BG 12,Tanker
900000006,2026-09-19T13:00:00+00:00,13.47063,80.3352,8.53,260.0,VESSEL BG 6,
900000005,2026-09-19T17:00:00+00:00,12.29946,79.9656,14.14,300.0,VESSEL BG 5,Cargo
900000006,2026-09-19T13:10:00+00:00,13.46645,80.31273,8.98,257.7,VESSEL BG 6,Tanker
900000015,2026-09-19T12:20:00+00:00,11.90048,80.75315,10.71,129.9,VESSEL BG 15,Cargo
444444444,2026-09-19T14:45:00+00:00,12.10635,81.14315,5.05,172.5,VESSEL ERRATIC,Fishing
333333333,2026-09-19T17:45:00+00:00,13.00367,81.05949,8.88,125.1,VESSEL FARTIME,Cargo
900000014,2026-09-19T09:10:00+00:00,13.38308,81.04881,9.44,275.1,VESSEL BG 14,Container
900000008,2026-09-19T12:50:00+00:00,13.31944,80.75587,13.09,129.0,VESSEL BG 8,Container
444444444,2026-09-19T16:35:00+00:00,12.00216,81.23972,5.39,98.4,VESSEL ERRATIC,Fishing
222222222,2026-09-19T08:45:00+00:00,12.27131,80.60207,11.77,182.9,VESSEL CLOSE WRONGTIME,Cargo
111111111,2026-09-19T16:40:00+00:00,12.81836,80.55441,9.83,33.4,VESSEL STRONG,Tanker
900000007,2026-09-19T16:40:00+00:00,13.01992,81.20814,11.45,325.5,VESSEL BG 7,Cargo
333333333,2026-09-19T16:25:00+00:00,13.14553,80.92048,9.24,149.2,VESSEL FARTIME,Cargo
444444444,2026-09-19T15:20:00+00:00,12.09054,81.1782,4.81,162.1,VESSEL ERRATIC,Fishing
900000011,2026-09-19T16:20:00+00:00,12.35872,81.41969,6.71,218.1,VESSEL BG 11,Fishing
900000014,2026-09-19T10:40:00+00:00,13.4317,80.82368,8.62,292.8,VESSEL BG 14,Container
444444444,2026-09-19T15:00:00+00:00,12.08699,81.15238,4.69,47.9,VESSEL ERRATIC,Fishing
